id;name;description;email;gender;phone;address_line_1;address_line_2;city;country;created_on
1;Kids;FTP;Mandy.Lowe90@gmail.com;MALE;1-626-526-9703;reboot Business-focused;Open-source;West Elody;Argentina;2022-05-21T22:45:31
2;connect leverage supply-chains;Customer action-items;Enrico_Tromp@hotmail.com;OTHER;639-377-4301 x658;client-server;Granite Customer Hungary;Rempelview;Saint Barthelemy;2022-05-21T20:44:53
3;San;index;Rowena48@gmail.com;FEMALE;337.248.6954 x3467;Fresh;Digitized De-engineered District;East Laceymouth;Poland;2022-05-21T21:07:40
4;Frozen Fresh;Garden Human;Hubert.Bashirian37@gmail.com;OTHER;493-661-3772 x203;UIC-Franc matrix;deliverables;South Denisfort;Virgin Islands, British;2022-05-21T14:54:39
5;Small Granite;firewall B2C;Amya.Mraz@gmail.com;OTHER;1-911-297-9364 x17908;moderator;Rubber Kwacha;Marachester;Belarus;2022-05-22T01:21:22
6;Configuration Fresh;copy withdrawal payment;Hayden.Kessler77@gmail.com;FEMALE;388-714-0062 x719;Fundamental Tenge Dynamic;Haiti functionalities bypassing;Sabrynaview;Seychelles;2022-05-22T11:29:50
7;Extended Rubber Azerbaijan;withdrawal;Winfield.Crist@gmail.com;MALE;996.886.8026 x097;neural Usability;Handmade;Treutelburgh;Iceland;2022-05-22T07:00:25
8;Handcrafted;Wooden;Art_Glover21@hotmail.com;OTHER;256-698-8950 x79285;hack context-sensitive;Minnesota Plaza Credit;Rauborough;Japan;2022-05-21T23:30:22
9;Islands USB;payment Ohio;Vidal_Romaguera22@gmail.com;OTHER;940.956.6439 x3564;Manager Turkey;engineer Berkshire Pa'anga;Sagefort;Tunisia;2022-05-22T00:32:56
10;cyan Small navigate;static;Jailyn.Huels@gmail.com;FEMALE;(828) 306-1183;eyeballs;Outdoors;McDermottshire;Netherlands Antilles;2022-05-21T23:59:35
